id,name,describe,how_to_fix,music,is_valid
000000,ERROR_CODE_NONE,没有任何错误, 无,,1
000101,ERROR_CODE_USER_OR_PASSWORD_INVALID,连接失败，账号或密码错误,请用正确的账号和密码登录,,1
000102,ERROR_CODE_USER_FMS_ALREADY_EXISTS,FMS用户已经登录了，不允许其他的FMS用户登录,请检查是否有其他FMS用户登录了，或者是FMS掉线后重连没有带上一次的session_id,,1
000103,ERROR_CODE_PROHIBIT_FMS_USER_WHEN_VDA5050_ENABLED,当开启function.system.enable_vda5050参数时，不允许FMS用户登录,只能有一个调度存在，要么关掉function.system.enable_vda5050参数，要么不使用FMS用户,,1
000200,ERROR_CODE_UNDEFINED,未定义的错误码,联系厂家,,1
000201,ERROR_CODE_UNREACHABLE,unreachable,联系厂家,,1
000300,ERROR_CODE_CONTROL_MUTEX_IS_LOCKED,车辆当前被他人独占，不允许对车辆进行“写”操作,等待独占者解除独占，或者用admin权限强制解除他人的独占,,1
000301,ERROR_CODE_EXECUTE_COMMAND_IN_INITIALIZING,车辆正在初始化，不能执行命令。,等车辆初始化完成后，再试,,1
000302,ERROR_CODE_FUNCTION_ABANDONED,该功能被废弃,请用最新的协议,,1
000303,ERROR_CODE_SRC_NOT_SUPPORE,SRC不支持该功能,请找项目经理确认SRC需要哪个版本，升级完后再试,,1
000304,ERROR_CODE_CANNOT_START_WHILE_IN_AUTOMATIC_MODE,请注意，当前是自动模式，机器人不能执行系统任务。,请切换到手动模式再试。,,1
000305,ERROR_CODE_CANNOT_START_WHILE_IN_MAINTENANCE_MODE,请注意，当前是维保模式，机器人只执行触摸屏指令。,请在触摸屏切换到手动模式再试。,,1
001000,ERROR_CODE_LOAD_MAP_FAILED,加载地图失败,请检查地图是否正确,,1
002001,ERROR_CODE_UPGRADE_SROS_FAILED_CURRENT_VERSION_MUST_MORE_THAN_4010001,升级版本失败,请先升级v4.10.1然后升级此版本,,1
002010,ERROR_CODE_UPGRADE_SROS_FAILED_NEW_VERSION_MUST_MORE_THAN_4010001,升级版本失败,升级的版本必须大于v4.10.1,,1
010001,ERROR_CODE_LOCATION_RUNNING,定位已启动，无需再次启动定位,定位已经启动，无需再定位,,0
010002,ERROR_CODE_LOCATION_SLAM_STATE_ERROR,启动定位时SLAM状态异常,稍后再试,,1
010003,ERROR_CODE_LOCATION_STATION_NOT_EXIST,通过站点定位，但是该站点不存在,确保车辆在站点上，才能通过站点定位,,1
010004,ERROR_CODE_LOCATION_STARTING,正在尝试启动定位,当前正在尝试定位，稍后再试,,0
010005,ERROR_CODE_LOCATION_NO_MAP,定位的时候地图未加载,请加载地图之后，再试,,1
010006,ERROR_CODE_LOCATION_MAP_LOAD_ERROR,地图没有正确加载，无法定位,请检查地图是否正确后，再试,,1
010007,ERROR_CODE_LOCATION_IN_MAP_SWITCHING,定位时正在切换地图,等地图切换后，再试,,1
020001,ERROR_CODE_LOCATION_NO_RUNNING,关闭定位时定位未启动,定位未启动，无需关闭定位,,0
020003,ERROR_CODE_LOCATION_MOVEMENT_RUNNING,关闭定位时车辆正在执行移动任务,等车辆空闲后，再试,,1
020004,ERROR_CODE_LOCATION_MISSION_RUNNING,关闭定位时车辆正在执行mission任务,等车辆空闲后，再试,,1
020007,ERROR_CODE_STOP_LOCATION_IN_MAP_SWITCHING,关闭定位时正在切换地图,等地图切换后，再试,,1
030001,ERROR_CODE_CANCEL_EMERGENCY_CAN_NOT_RECOVER,由于有急停不可解除，导致解除急停失败,恢复急停触源后（如：恢复急停开关），再试,,1
030002,ERROR_CODE_TRIGGER_EMERGENCY_IN_EMERGENCY,设置急停时，当前已经处于急停模式,不要发送重复的命令，无需处理,,0
037001,ERROR_CODE_SET_SPEAKER_VOLUME_PARAM_ERROR,设置喇叭音量时，参数出错,请重新读取协议文档，再试,,1
040001,ERROR_CODE_CONTINUE_IN_EMERGENCY,继续时，当前已经处于急停状态,解除急停后，再试,,1
040002,ERROR_CODE_CONTINUE_IN_NOT_LOCATION,继续时车辆处于未定位状态,定位后，再试,,1
040003,ERROR_CODE_CONTINUE_IN_NOT_PAUSE,继续时车辆处于暂停状态,当前没处于暂停状态，无法继续,,1
040004,ERROR_CODE_CONTINUE_IN_FAULT,继续时车辆存在一些无法继续的故障,请排查当前故障后，再试,,1
041001,ERROR_CODE_SET_HMI_STATE_PARAM_ERROR,设置系统HMI时参数出错,请重新读取协议文档，再试,,1
050001,ERROR_CODE_SYNC_TIME_SYSTEM_NOT_IDLE,设置系统时间的时候，系统处于繁忙状态,等车辆空闲后，再试,,1
050005,ERROR_CODE_SYNC_TIME_MISSION_RUNNING,设置系统时间的时候，mission 正在运行,等车辆空闲后，再试,,1
050010,ERROR_CODE_SYNC_TIME_NTP_ENABLE,开启时间同步功能（NTP）后不手动设置时间,若要手动设置时间请将NTP功能关闭（time.enable_ntp_sync）后，再试,,1
070001,ERROR_CODE_MANUAL_CONTROL_NOT_ON,手动控制车辆时，车辆不处于手动控制状态,设置车辆为手动控制模式后，再试,,1
070002,ERROR_CODE_MANUAL_CONTROL_IN_EMERGENCY,车辆处于急停状态下启动手动控制,解除急停后，再试,,1
070003,ERROR_CODE_MANUAL_CONTROL_IN_BRAKE_SW,车辆处于解抱闸状态下启动手动控制,请取消解抱闸（电源开关打到第三档），再试,,1
070004,ERROR_CODE_MANUAL_CONTROL_MOVEMENT_RUNNING,有移动任务执行不能切换到手动控制,等车辆空闲后，再试,,1
070005,ERROR_CODE_MANUAL_CONTROL_MISSION_RUNNING,mission任务正在执行时不能切换手动控制,等车辆空闲后，再试,,1
070006,ERROR_CODE_ALREADY_IN_MANUAL_CONTROL,当前已经处于手动控制模式不能切换手动控制,已经是手动控制模式了，无需处理,,0
070007,ERROR_CODE_MANUAL_CONTROL_RUNNING,当前处于手动控制模式中,无法处理任务，切换自动模式后再试,,1
070008,ERROR_CODE_MANUAL_CONTROL_ACTION_RUNNING,有动作任务执行不能切换到手动控制,等车辆空闲后，再试,,1
070009,ERROR_CODE_AUTO_CONTROL_MANUAL_BTN,手动按钮打开时不能切换为自动模式,先关闭手动按钮再切换为自动模式,,1
080001,ERROR_CODE_NEW_MAP_MOVEMENT_RUNNING,移动任务在执行的时候不能创建地图,等车辆空闲后，再试,,1
080002,ERROR_CODE_NEW_MAP_MISSION_RUNNING,mission任务在执行的时候不能创建地图,等车辆空闲后，再试,,1
080003,ERROR_CODE_NEW_MAP_ALREADY_STARTED,绘制新地图时，已经开始绘制地图了,不要发送重复的命令，无需处理,,1
080004,ERROR_CODE_NEW_MAP_NAME_IS_INVALID,绘制地图名不合法,不能以“_1”结尾，请重新输入,,1
080081,ERROR_CODE_MAP_RENAME_ORIGINAL_NAME_IS_EMPTY,地图重命名时，要重命名的地图名为空,请检测参数是否正确，再试,,1
080082,ERROR_CODE_MAP_RENAME_DESTINATION_NAME_IS_EMPTY,地图重命名时，目标地图名为空,请检测参数是否正确，再试,,1
080083,ERROR_CODE_MAP_RENAME_CURRENT_MAP_IN_USE,地图重命名时，目标地图正在使用,请切换完当前地图，再试,,1
080084,ERROR_CODE_MAP_RENAME_DESTINATION_NAME_IS_INVALID,地图命名时，目标地图名不合法,不能以“_1”结尾，请检测参数是否正确，再试,,1
090001,ERROR_CODE_UNTAR_MAP_FILE_FAILED,解压地图失败，地图文件损坏或是导入地图请求被强制终止,联系厂家处理,,1
090002,ERROR_CODE_MAP_NAME_IS_NULL,获取到的地图名为空,联系厂家处理,,1
090003,ERROR_CODE_CHECK_MD5_OF_MAP_FILE_FAILED,校验地图文件的md5失败,联系厂家处理,,1
090004,ERROR_CODE_VERIFY_PGM_FILE_FAILED,校验地图pgm文件失败,联系厂家处理,,1
090005,ERROR_CODE_CREATE_PGM_MAP_FAILED,通过pgm生成map文件失败,联系厂家处理,,1
090006,ERROR_CODE_CREATE_MAP_JSON_FAILED,通过map生成json文件失败,联系厂家处理,,1
090007,ERROR_CODE_CREATE_MAP_PNG_FAILED,通过map生成png文件失败,联系厂家,,1
090008,ERROR_CODE_MAP_FILE_SIZE_OUT_OF_RANGE,导入的地图文件过大,联系厂家处理,,1
090009,ERROR_CODE_MAP_VERSION_NOT_MATCHED,当前地图由较高版本SROS生成，当前版本的SROS不支持,请更换低版本SROS生成的地图再导入，或者升级SROS版本。,,1
090010,ERROR_CODE_EXPORT_MAP_TYPE_NOT_SUPPORT,导出的地图类型不支持,matrix和sros版本不匹配，请升级正确的版本,,1
090011,ERROR_CODE_EXPORT_MAP_NOT_EXIST,导出地图时未匹配到可用的地图名,联系厂家处理,,1
090012,ERROR_CODE_EXPORT_MAP_FILES_NOT_FOUND,导出地图时未找到地图文件,联系厂家处理,,1
090013,ERROR_CODE_TAR_MAP_FILE_FAILED,压缩地图失败,联系厂家处理,,1
090014,ERROR_CODE_MUSIC_INVALID_IMPORT_LIST,待导入语音文件名无效,修改后重新确认,,1
090015,ERROR_CODE_MAP_NAME_IS_INVALID,获取到的地图名非法,修改后重新确认,,1
090016,ERROR_CODE_MAP_UPGRADE_FAILED_DUE_TO_EDGE_GROUP_NOT_MATCH,地图升级失败，双向路径的路径组不一致,请设置路径组的路径，使相关双向路径的路径组一致，再试,,1
090017,ERROR_CODE_MAP_IMPORT_BUSY,导入地图繁忙,请稍后再试,,1
100001,ERROR_CODE_SET_MAP_SYSTEM_NOT_IDLE,设置使用当前地图时系统处于非空闲状态,等车辆空闲后，再试,,1
100002,ERROR_CODE_SET_MAP_MOVEMENT_RUNNING,设置使用当前地图时有移动任务执行,等车辆空闲后，再试,,1
100003,ERROR_CODE_SET_MAP_MISSION_RUNNING,设置使用当前地图时mission任务正在执行,等车辆空闲后，再试,,1
100004,ERROR_CODE_SET_MAP_LOCATION_NOT_NONE,设置使用当前地图时处于定位状态,取消定位后，再试,,1
100005,ERROR_CODE_SET_MAP_MAP_LOAD_ERROR,设置当前地图时，当前地图不存在或者是当前地图数据被破坏,请确认当前地图名是否正确，再试,,1
110001,ERROR_CODE_SET_CONFIG_MOVEMENT_RUNNING,设置参数的时移动任务在运行,等车辆空闲后，再试,,1
110002,ERROR_CODE_SET_CONFIG_ACTION_RUNNING,设置参数的时动作任务在运行,等车辆空闲后，再试,,1
110003,ERROR_CODE_SET_CONFIG_MISSION_RUNNING,设置参数的时mission任务在运行,等车辆空闲后，再试,,1
110004,ERROR_CODE_RESULT_NOT_MATCH_TASK_PARAM_STR,执行结果返回串与动作下发的匹配串不一致,请确认是否匹配失败，再试,MUSIC_MISMATCH_MATERIAL_CART_AND_VEHICLE_CODES,1
110005,ERROR_CODE_REQUEST_LOCK_SPACE_FAILED,执行动作时请求解锁空间失败,请确认失败原因，再试,,1
160001,ERROR_CODE_SET_SPEED_NOT_IN_MANUAL,车辆不处于手动控制状态，不能手动控制车辆,设置车辆为手动控制模式后，再试,,1
170001,ERROR_CODE_SET_PGV_INFO_ID_IS_ZERO,保存当前pgv时，pgv的id为0.（即：当前没有扫描到pgv的信息，但仍然在保存pgv）,确认pgv信息是否正确后，再试,,0
170002,ERROR_CODE_SET_PGV_INFO_ID_IS_REPEAT,保存当前pgv时，pgv的id重复.同一张地图中不能同时存在两张id一样的pgv,确认pgv信息是否正确后，再试,,0
170003,ERROR_CODE_SET_PGV_INFO_CURR_STATION_IS_ZERO,保存当前pgv时，当前agv站点为0,请将agv移动到有pgv的站点，再试,,0
170013,ERROR_CODE_DEL_PGV_INFO_CURR_STATION_IS_ZERO,删除当前pgv时，当前agv站点为0,请将agv移动到有pgv的站点，然后再删除pgv信息,,0
180001,ERROR_CODE_LOCK_CONTROL_MUTEX_MOVEMENT_RUNNING,获取独占模式时移动任务正在运行,等车辆空闲后，再试,,1
180002,ERROR_CODE_LOCK_CONTROL_MUTEX_ACTION_RUNNING,获取独占模式时动作任务正在运行,等车辆空闲后，再试,,1
180003,ERROR_CODE_LOCK_CONTROL_MUTEX_MISSION_RUNNING,获取独占模式时mission任务正在运行,等车辆空闲后，再试,,1
180004,ERROR_CODE_LOCK_CONTROL_MUTEX_NONE_NICK_NAME,获取独占模式时没有带上锁人的绰号,带上绰号后，再试,,1
180005,ERROR_CODE_LOCK_CONTROL_MUTEX_NONE_IP_ADDRESS,获取独占模式时没有带上锁人的ip,带上ip后，再试,,1
190001,ERROR_CODE_UNLOCK_CONTROL_MUTEX_CURRENT_IS_UNLOCKED,释放独占模式时当前已经是非独占模式,,,1
190002,ERROR_CODE_UNLOCK_CONTROL_MUTEX_SESSION_ID_MISMATCH,释放独占模式时sessionId不匹配,只有独占着才能解除独占模式，非独占者可以用CMD_FORCE_UNLOCK_CONTROL_MUTEX命令强制解除他人的独占,,1
200001,ERROR_CODE_FORCE_UNLOCK_CONTROL_MUTEX_PERMISSION_DENIED,强制释放独占模式时权限不够,只有admin及以上的全权限才能强制解除他人独占,,1
200002,ERROR_CODE_FORCE_UNLOCK_CONTROL_MUTEX_FLEET_DENIED,强制释放独占模式时当前处于调度我们，无法解除,退出调度模式就能解除调度独占,,1
320001,ERROR_CODE_MOVEMENT_IN_EMERGENCY,启动移动任务时，车辆处于急停状态,解除急停后，再试,,1
320002,ERROR_CODE_MOVEMENT_NO_LOCATION,启动移动任务时，车辆不处于定位状态,定位后，再试,,1
320003,ERROR_CODE_MOVEMENT_PRE_TASK_RUNNING,启动移动任务时，上一个任务在运行,等车辆空闲后，再试,,1
320004,ERROR_CODE_MOVEMENT_INVALID_CMD_PARAM,启动移动任务时，参数错误,请检测任务参数后，再试,,1
320005,ERROR_CODE_MOVEMENT_IN_MANUAL_CONTROL,启动移动任务时，车辆处于手动控制状态,请将车辆设置为自动控制模式后，再试,,1
320006,ERROR_CODE_MOVEMENT_IN_MISSION_RUNNING,启动移动任务时，mission在运行,请等空闲之后，再试,,1
320007,ERROR_CODE_MOVEMENT_SCREEN_TURNED_UP,触摸屏被翻起来了，不能启动移动任务,请将触摸屏放置成水平状态后，再试,,1
320008,ERROR_CODE_MOVEMENT_PATHS_IS_TOO_LONG,启动移动任务车，下发路径太长，超过128条,请重新下发路径，再试,,1
320010,ERROR_CODE_MOVEMENT_FOLLOW_PATH_START_POSE_OFFSET,用户发送移动路径时，起始点偏离了agv的真实位置，阈值由main.manual_path_start_pose_check_threshold配置,请检测下发参数后，再试,,1
320011,ERROR_CODE_MOVEMENT_FOLLOW_PATH_EXIST_ARC,用户发送移动路径时，路径中存在圆弧路径，圆弧路径已经被废弃,请检测下发参数后，再试,,1
320012,ERROR_CODE_MOVEMENT_FOLLOW_PATH_START_ANGLE_OFFSET,用户发送路径时，起点的角度与当前src角度相差过大，阈值由main.manual_path_start_angle_check_threshold配置,请检测下发参数后，再试,,1
320013,ERROR_CODE_MOVEMENT_FOLLOW_PATH_POSE_NOT_CONTINUOUS,用户发送移动路径，路径不连续，阈值值由main.manual_path_pose_continuous_check_threshold 配置,请检测下发参数后，再试,,1
320014,ERROR_CODE_MOVEMENT_FOLLOW_PATH_ANGLE_NOT_CONTINUOUS,用户发送移动路径，角度不连续，阈值值由main.manual_path_angle_continuous_check_threshold 配置,请检测下发参数后，再试,,1
320015,ERROR_CODE_MOVEMENT_LINE_PATH_INVALID,用户发送无效直线路径，长度小于1mm,请重新检查路径后，再试,,1
320016,ERROR_CODE_MOVEMENT_FOLLOW_PATH_CURVATURE_TOO_LARGE,规划的贝塞尔路径半径小于0.1米，超出运控跟踪限制,请优化绘制的路径，建议先在贝塞尔起点、终点画一段沿着站点方向的直线，再用贝塞尔曲线连接始末点，保证贝塞尔曲线整体平滑,,1
320020,ERROR_CODE_MOVEMENT_IN_POWER_SAVE_MODE,处于低功耗模式，不能启动移动任务,请退出低功耗模式后，再试,,1
320021,ERROR_CODE_MOVEMENT_BRAKE_SWITCH_ON,处于解抱闸状态，不能启动移动任务,请取消解抱闸（长按解抱闸按键）后，再试,,1
320022,ERROR_CODE_MOVEMENT_LASER_ERROR,雷达错误，不能启动移动任务,请等待雷达错误回复后，再试。比如解除低功耗模式时雷达会初始化，此期间会出现一段时间雷达错误,,1
320023,ERROR_CODE_MOVEMENT_VSC_ERROR,VSC错误，不能启动移动任务,重启,,1
320024,ERROR_CODE_MOVEMENT_SRC_ERROR,SRC错误，不能启动移动任务,重启,,1
320025,ERROR_CODE_MOVEMENT_MOTOR1_ERROR,电机1错误，不能启动移动任务,等待电机错误回复后再试，如：解除急停后电机会初始化，此期间会出现一段时间电机错误,,1
320026,ERROR_CODE_MOVEMENT_MOTOR2_ERROR,电机2错误，不能启动移动任务,等待电机错误回复后再试，如：解除急停后电机会初始化，此期间会出现一段时间电机错误,,1
320027,ERROR_CODE_MOVEMENT_FAULT_EXIST,存在一些影响移动任务运行的故障，不能启动移动任务,"1.修复故障后再试
2.处于调试阶段，可以设置inspection中的一些参数来忽略一些非严重的设备故障，正常后记得恢复这些参数。",,1
320028,ERROR_CODE_MOVEMENT_BATTERY_CHARGING,正在充电，不能启动移动任务,停止充电后，再试,,1
320029,ERROR_CODE_MOVEMENT_EAC_PROHIBIT,EAC当前禁止启动移动任务，EAC认为当前启动移动任务会带来风险,请检查EAC异常(可查看EAC故障码)后，再试,,1
320030,ERROR_CODE_MOVEMENT_ROTATE_IN_DISABLE_ROTATE_AREA,规划的路径在禁止旋转区域旋转,请检测规划出来的路径是否符合期望,,1
320031,ERROR_CODE_MOVEMENT_PATHS_CHASSIS_NOT_SUPPORT,当前底盘不支持本次规划的路径,请检测地图路径是否编辑正确，并检查车辆的底盘是否配置正确(参数：mc.base_type),,1
320032,ERROR_CODE_MOVEMENT_MANUAL_BTN_CONTROL_RUNNING,当前处于手柄控制中,无法处理移动任务，请将按钮切换到自动档,,1
320033,ERROR_CODE_MOVEMENT_IS_NULL,无法启动空的移动任务,请下发有效的移动任务,,1
321000,ERROR_CODE_FIND_PATH_UNKNOWN_ERROR,搜索路径时未知错误,联系厂家处理,,1
321001,ERROR_CODE_NAV_FIND_PATH_NO_STATION_IN_MAP,搜索路径失败，在地图中不存在该站点,请检测地图中是否存在需要导航到的站点，再试,,1
321002,ERROR_CODE_NAV_FIND_PATH_NET_NAV_AND_FREE_NAV_BOTH_DISABLED,路网导航和自由导航都没有开启,请需要导航的模式后，再试,,1
321005,ERROR_CODE_NET_NAV_START_POSE_NOT_ON_NET,路网导航，起点未在路径上,请将车辆移动到路网上后，再试,,1
321006,ERROR_CODE_NET_NAV_DST_POSE_NOT_ON_NET,路网导航，终点未在路径上,请检测要导航到的终点是否在路网上后，再试,,1
321007,ERROR_CODE_NET_NAV_NONE_STATION_AROUND_AGV,路网导航，设置了首先移动到最近的站点，但是车辆附近找不到对应的站点,请将车辆移动到站点后，再试,,1
321008,ERROR_CODE_NET_NAV_FIND_PATH_NO_WAY,路网导航，没有路径到达目标位置,请确认导航的起点和终点之间是否有路后，再试,,1
321010,ERROR_CODE_FREE_NAV_DST_POSE_UNWALKABLE,自由导航失败，目标站点不可到达,请确认导航的起点和终点之间是否有路后，再试,,1
321011,ERROR_CODE_FREE_NAV_NO_WAY,自由导航失败，没找到合适的路径,请确认导航的起点和终点之间是否有路后，再试,,1
321012,ERROR_CODE_FREE_NAV_START_POSE_UNWALKABLE,自由导航失败，起始位置距离障碍太近,请将机器人远离障碍再试,,1
321016,ERROR_CODE_AGV_NOT_ARRIVED_DEST,agv没有导航到达目标位置，检测阈值由“main.movement_task_arrive_point_check_threshold”配置,请检测是否正在到达了目标位置,,1
321017,ERROR_CODE_NAV_TO_NEAREST_FIRST_BUT_FREE_NAV_DISABLED,路网导航时，设置了首先移动到最近的站点，但是没有开启自由导航,请启动自由导航之后再试,,1
321018,ERROR_CODE_NAV_TO_NEAREST_FIRST_BUT_FREE_NAV_NO_WAY,路网导航时，设置了首先移动到最近的站点，但是自由导航无法到达,请检查路径是否真的可达,,1
321019,ERROR_CODE_FEATURE_RECOGNIZE_DEPARTURE,站点特征对接时，特征偏差过大,请检查特征位置是否真的可达,,1
321020,ERROR_CODE_FEATURE_RECOGNIZE_NOT_DISCERN,站点特征对接时，未识别到指定特征,请检查特征是否真的可识别,,1
321021,ERROR_CODE_FEATURE_RECOGNIZE_NOT_MATCH,站点特征对接时，识别到特征但不匹配,请检查特征是否真的可识别,,1
330001,ERROR_CODE_CANCEL_MOVEMENT_TASK_NOT_RUNNING,取消移动任务时，移动任务并没有启动,没有移动任务，无需取消,,1
330010,ERROR_CODE_SET_CHECKPOINT_TASK_NOT_RUNNING,设置关卡时，移动任务并没有启动,请确认是否有移动任务运行后，再试,,1
330011,ERROR_CODE_SET_CHECKPOINT_TASK_TYPE_NOT_FOLLOW_PATH,设置关卡时，移动任务不是跟随路径任务,请移动任务是否是跟随路径任务，再试,,1
330012,ERROR_CODE_CHECKPOINT_LESS_THAN_OR_EQUAL_CURRENT,设置关卡时，关卡的标号小于等于当前当前的关卡编号（保留）,请确认当前关卡编号，再试,,1
330020,ERROR_CODE_PATH_REPLACE_MOVEMENT_TASK_NOT_RUNNING,替换路径时移动任务没有启动,移动任务可能已经结束了，不能继续替换路径，请启动新的移动任务,,1
330021,ERROR_CODE_PATH_REPLACE_MOVEMENT_TASK_TYPE_NOT_MOVE_FOLLOW_PATH,只有MOVE_FOLLOW_PATH的移动任务才允许替换路径,请将移动任务类型改为MOVE_FOLLOW_PATH，然后再替换路径,,1
330023,ERROR_CODE_PATH_REPLACE_MOVEMENT_TASK_NO_MISMATCH,替换路径时，task no不匹配,请检查task no，然后再替换路径,,1
330024,ERROR_CODE_PATH_REPLACE_CURRENT_PATH_NUM_IS_NOT_SINGLE,替换路径时，当前移动任务的路径不止一条,只有当是单条路径的时候才允许替换路径,,1
330025,ERROR_CODE_PATH_REPLACE_DEST_POSE_PAST,替换路径时，目标站点已经走过了,请重新规划一条路径去目标站点,,1
330026,ERROR_CODE_PATH_REPLACE_PATHS_ARG_COUNT_IS_NOT_ONE,替换路径时，paths的size不为1,请检测参数后，再试,,1
330027,ERROR_CODE_PATH_REPLACE_INCONSISTENT_PATHS_SLOP,替换路径时，paths路径的斜率不一致,请检测路径的斜率是否一致，再试,,1
330028,ERROR_CODE_PATH_REPLACE_START_POINT_CHANGED,替换路径时，起始点不一致,请起始点是否一致，再试,,1
330029,ERROR_CODE_PATH_NOT_EXPECTED,检索出来的路径不符合预期,请检查地图上和目标点的路径，再试,,1
330030,ERROR_CODE_ADD_PATH_MOVEMENT_TASK_NOT_RUNNING,添加路径时移动任务没有启动,移动任务可能已经结束了，不能继续添加路径，请启动新的移动任务,,1
330031,ERROR_CODE_ADD_PATH_MOVEMENT_TASK_TYPE_NOT_MOVE_FOLLOW_PATH,只有MOVE_FOLLOW_PATH的移动任务才允许添加路径,请将移动任务类型改为MOVE_FOLLOW_PATH，然后再替换路径,,1
330032,ERROR_CODE_ADD_PATH_TOO_MANY_PATH_WAIT_FOR_RUN,路径队列当前剩余过多路径没执行，不能继续添加路径,请等待当前剩余路径执行完毕，再进行添加路径,,1
330033,ERROR_CODE_ADD_PATH_PATH_NOT_CONTINUOUS,添加路径时，所下发的路径与现执行的路径不连续,请检查下发路径的起点与当前移动任务的终点是否连续，包括起点、终点、朝向等,,1
340001,ERROR_CODE_ACTION_IN_EMERGENCY,车辆处于急停状态，不能启动动作任务,解除急停后，再试,,1
340002,ERROR_CODE_ACTION_PRE_TASK_RUNNING,上一个动作任务正在执行，不能启动新的动作任务,等待上一个任务结束后，再试,,1
340003,ERROR_CODE_ACTION_IN_POWER_SAVE_MODE,处于低功耗模式，不能启动动作任务,取消低功耗模式后，再试,,1
340004,ERROR_CODE_ACTION_IS_NULL,无法启动空的动作任务,请下发有效的动作任务,,1
340006,ERROR_CODE_ACTION_IN_MISSION_RUNNING,mission在运行的时候，不能启动动作任务,请等mission结束后，再试,,1
340007,ERROR_CODE_ACTION_SCREEN_TURNED_UP,触摸屏被翻起来了，不能启动动作任务,请将触摸屏放置成水平状态后，再试,,1
340008,ERROR_CODE_ACTION_BRAKE_SWITCH_ON,处于解抱闸状态，不能启动动作任务,请取消解抱闸（长按解抱闸按键）后，再试,,1
340010,ERROR_CODE_ACTION_RESPONSE_TIMEOUT,动作执行机构回复超时,请检测动作执行机构是否正常后，再试,MUSIC_MODULE_ABNORMAL,1
340011,ERROR_CODE_ACTION_RESPONSE_INCORRECT,动作执行机构回复出错,请检测动作执行机构是否正常后，再试,MUSIC_MODULE_ABNORMAL,1
340012,ERROR_CODE_ACTION_SYSTEM_BUSY,动作执行机构系统繁忙,请等执行机构空闲后，再试,,1
340013,ERROR_CODE_ACTION_ID_NOT_SUPPORT,action id 不支持,请检测下发参数后，再试,,1
340014,ERROR_CODE_ACTION_PARAM_0_NOT_SUPPORT,action param 0 不支持,请检测下发参数后，再试,,1
340015,ERROR_CODE_ACTION_PARAM_1_NOT_SUPPORT,action param 1 不支持,请检测下发参数后，再试,,1
340016,ERROR_CODE_ACTION_EAC_DISABLED,EAC模块没有开启,请检测EAC模块是否接上了后，再试,MUSIC_MODULE_ABNORMAL,1
340017,ERROR_CODE_ACTION_EAC_NOT_IDLE,EAC未处于空闲状态，不能启动新的动作任务,请确认EAC是否处于空闲状态,MUSIC_MODULE_ABNORMAL,1
340018,ERROR_CODE_ACTION_EAC_IN_ERROR_STATE,EAC处于故障状态，不能启动新的动作任务,人工清除物理故障后，点击Matrix上的“尝试解除故障”按钮，解除EAC故障后再尝试,MUSIC_MODULE_ABNORMAL,1
340019,ERROR_CODE_ACTION_EAC_PAUSE_FAILED,EAC暂停失败,请确认该动作是否支持暂停，再试,MUSIC_MODULE_ABNORMAL,1
340020,ERROR_CODE_ACTION_EAC_CONTINUE_FAILED,EAC继续失败,请确认EAC是否正常，再试,MUSIC_MODULE_ABNORMAL,1
340021,ERROR_CODE_ACTION_EAC_TASK_TIMEOUT,EAC任务超时,请确认EAC是否正常，重新下发任务,MUSIC_MODULE_ABNORMAL,1
340027,ERROR_CODE_ACTION_FAULT_EXIST,存在一些影响动作任务运行的故障，不能启动动作任务,"1.修复故障后再试 2.处于调试阶段，可以设置inspection中的一些参数来忽略一些非严重的设备故障，正常后记得恢复这些参数。",,1
340028,ERROR_CODE_ACTION_QRCODE_TYPE_ERROR,执行动作和二维码（带）类型不对,请检查动作或者二维码编号,,1
340029,ERROR_CODE_ACTION_START_CONDITION_NOT_MET,执行动作的前提条件不满足,在移动过程中不允许执行该动作,,1
340401,ERROR_CODE_ACTION_UP_CANMER_SCAN_DISABLED,上视扫码顶升功能没有开启,请将参数“function.camera_up_scan”设置为True后，再试,,1
340701,ERROR_CODE_ACTION_DOWN_CANMER_RECITIFY_DISABLED,下视二维码矫正功能没有开启,请将参数“main.enable_pgv_rectify”设置为True后，再试,,1
340702,ERROR_CODE_ACTION_DOWN_CANMER_RECITIFY_CURRENT_STATION_IS_NONE,下视二维码矫正时，当前站点为0,请确定矫正位置是否正确后，再试,,1
340703,ERROR_CODE_ACTION_DOWN_CANMER_RECITIFY_CURRENT_STATION_DMCODE_IS_NONE,当前站点没有绑定下视二维码,请将当前站点二维码偏差设置好，再试,,1
340704,ERROR_CODE_ACTION_LEFT_CANMER_RECITIFY_DISABLED,左视二维码矫正功能没有开启,请将参数“function.camera_left_side_scan”设置为True后，再试,,1
340705,ERROR_CODE_ACTION_RIGHT_CANMER_RECITIFY_DISABLED,右视二维码矫正功能没有开启,请将参数“function.camera_right_side_scan”设置为True后，再试,,1
340706,ERROR_CODE_ACTION_SCAN_DMCODE_TIMEOUT,指定时间内相机没有检测到二维码,请将二维码放到相机可以扫描到的位置或检查相机镜头是否脏污或二维码残缺等情况，再重试,,1
340707,ERROR_CODE_ACTION_LEFT_CANMER_RECITIFY_CURRENT_STATION_IS_NONE,左视二维码矫正时，当前站点为0,请确定矫正位置是否正确后，再试,,1
340708,ERROR_CODE_ACTION_LEFT_CANMER_RECITIFY_CURRENT_STATION_DMCODE_IS_NONE,当前站点没有绑定左视二维码,请将当前站点二维码偏差设置好，再试,,1
340709,ERROR_CODE_ACTION_RIGHT_CANMER_RECITIFY_CURRENT_STATION_IS_NONE,右视二维码矫正时，当前站点为0,请确定矫正位置是否正确后，再试,,1
340710,ERROR_CODE_ACTION_RIGHT_CANMER_RECITIFY_CURRENT_STATION_DMCODE_IS_NONE,当前站点没有绑定右视二维码,请将当前站点二维码偏差设置好，再试,,1
340801,ERROR_CODE_ACTION_FORK_LIFT_NOT_REACH,叉臂升降失败,请检查叉臂升降是否正常,,1
340802,ERROR_CODE_ACTION_GOODS_NOT_DETECTED,货架上未检测到货物,请检查货架上是否有货物,,1
340803,ERROR_CODE_ACTION_GOODS_POS_YAW_DEVIATE,3D视觉相机检测到货物摆放角度过偏,请检查货物摆放角度是否过偏并摆正，或确定2905参数是否太小,,1
340804,ERROR_CODE_ACTION_GOODS_POS_X_DEVIATE_FORWARD,3D视觉相机检测到货物X方向太靠前,请检查货物摆放X方向是否太靠前并摆正，或确定2902参数是否太小,,1
340805,ERROR_CODE_ACTION_GOODS_POS_X_DEVIATE_BACK,3D视觉相机检测到货物X方向太靠后,请检查货物摆放X方向是否太靠后并摆正，或确定2903参数是否太小,,1
340806,ERROR_CODE_ACTION_GOODS_POS_Y_DEVIATE,3D视觉相机检测到货物摆放Y方向过偏,请检查货物摆放Y方向是否过偏并摆正，或确定2904参数是否太小,,1
340807,ERROR_CODE_ACTION_LOAD_NO_DOCKING,货叉取货路径对接失败,路网跟踪不能执行，请排查是否有急停,,1
340808,ERROR_CODE_ACTION_FORK_FAIL_PICKUP_GOODS,载货叉臂上升失败,请检查载货叉臂上升功能是否正常,,1
340809,ERROR_CODE_ACTION_BACKFORK_MOVE_NOT_REACH,卸货退出路径导航失败,请排查弹片是否仍然处于触发状态，同时查看2912参数，参数值必须大于弹片开关的弹起行程距离,,1
340810,ERROR_CODE_ACTION_GOODS_DETECTED,卸货位上有货物,请检查当前卸货位是否有货物,,1
340811,ERROR_CODE_ACTION_UNLOAD_MOVE_NOT_REACH,卸货路径导航失败,请排查失败原因,,1
340812,ERROR_CODE_ACTION_LOAD_PALLET_BOUNCE,载货时到位开关未触发,请排查失败原因,,1
340813,ERROR_CODE_ACTION_FORK_FAIL_PICKDOWN_GOODS,卸货叉臂下降失败,请检查卸货叉臂下降功能是否正常,,1
340814,ERROR_CODE_ACTION_FORK_ADJUST_LEN_NOT_ENOUGH,需要自适应调整但是调整距离不够,车到目标站点的距离 > (取叉臂和栈板长度的最大值+2915+2901参数),,1
340815,ERROR_CODE_ACTION_FORK_MOVE_LEN_NOT_ENOUGH,离货物距离过近会碰撞,请检查,,1
340816,ERROR_CODE_ACTION_FORK_HEIGHT_DEVIATE,叉臂高度误差过大,请检查叉臂升降功能是否正常,,1
340817,ERROR_CODE_ACTION_HOOK_SWITCH,脱挂钩开关异常,请检查,,1
340818,ERROR_CODE_ACTION_HOOK_OFF_FAILED,脱钩失败,请检查,,1
340819,ERROR_CODE_TRACTOR_DOCKING_FAILED,二维码牵引对接动作执行失败,再试,,1
340820,ERROR_CODE_FORK_ADJUST_HEIGHT_OUT_RANGE,叉臂升降高度超出限位,1.检查目标高度是否正确；2.检查叉臂升降软上限和叉臂升降软下限位参数是否正确,,1
340821,ERROR_CODE_FASTAER_LOAD_DETECT_DISTANCE_TOO_BIG,不停车取货动态检测距离设置过大,调下forklift.faster_load_detect_distance参数,,1
340822,ERROR_CODE_TASK_FAILED_BY_MANUAL_BTN,手动按钮导致任务失败,请重新下发任务,,1
340823,ERROR_CODE_ACTION_GOODS_POS_Z_DEVIATE,3D视觉相机检测到货物高度和下发参数相差较大,实际校验的是叉臂中心高度(编码器高度-叉臂厚度一半)与识别高度的误差,,1
340824,ERROR_CODE_ACTION_BATTERY_CHARGING,正在充电，不能启动动作任务,停止充电后，再试,,1
340825,ERROR_CODE_DEVICE_TESTING_FAILED,任务执行中，无法检测设备,车辆空闲时，再试,,1
340826,ERROR_CODE_DEVICE_TESTING_DEVICE_ERROR,设备连接失败，无法检测设备,检查设备连接状态，再试,,1
340827,ERROR_CODE_DEVICE_TESTING_NOT_SUPPORT_DEVICE,该设备，暂不支持检测,联系厂家,,1
340829,ERROR_CODE_ACTION_MANUAL_BTN_CONTROL_RUNNING,当前处于手柄控制中,无法处理动作任务，请将按钮切换到自动档,,1
340830,ERROR_CODE_ACTION_DST_STAION_TOO_FAR,动作的目标站点距离当前位置太远,检查输入参数是否有误，必要时须重新部署,,1
340831,ERROR_CODE_ACTION_NARROW_MODE_NO_DETECT_LOAD_UNSUPPORT,窄通道模式下暂不支持盲叉功能,请修改取货模式参数,,1
340832,ERROR_CODE_ACTION_EXSIT_LARGE_ROTATE,取放货过程中存在大角度的旋转，会有安全隐患,可能离终点太近导致,,1
340833,ERROR_CODE_ACTION_DOCKING_NOT_DETECTED,移动任务结束，但未取到货物,1、请检查货架上是否有货物。2、请检查货物到位开关是否正常,,1
340834,ERROR_CODE_ACTION_DOCKING_ADVANCE_TRAGGERED,到位开关提前触发,1、请检查,,1
340835,ERROR_CODE_ACTION_DOCKING_TIMEOUT,取货对接动作执行超时,请排查失败原因,,1
340836,ERROR_CODE_ACTION_PATH_TYPE_ERROR,162动作规划的末端路径是贝塞尔，可能导致计算剩余距离错误，有碰撞风险,请排查生成取货路径是否异常，先贝塞尔再直线,,1
340837,ERROR_CODE_LOAD_SWITCH_HOLD_TRIGGERED,载货开关已经触发，重新执行取货动作有安全风险，请确保在空叉情况下再执行取货动作,1. 请检查叉子上是否已经放置了栈板；2.请检查叉子底部的到位开关是否正常弹开,,1
340838,ERROR_CODE_LOAD_PALLET_ALWAY_TRIGGER_STATE,放货完成后，到位开关一直处于触发状态,1.检查叉臂上是否仍有栈板；2.检查2912参数，参数值必须大于到位开关的行程距离；3.检查到位开关是否松动（看灯的状态），导致开关自动打开,,1
340839,ERROR_CODE_AGV_NOT_ARRIVE_TARGET_POSE,agv没有到达设定的目标位置,可能是初始位置不合理或者达目标点的过程中提前终止移动，也可能是到位精度不够,,1
340840,ERROR_CODE_FOKR_NOT_IN_TARGET_HEIGHT,叉臂没有到达理想的高度附近,可能是叉臂初始高度不合理或者达目标高度的过程中提前终止升降，也可能是叉臂升降精度不够,,1
340841,ERROR_CODE_FOKR_NOT_IN_TARGET_X,门架前后位置未在理想值附近,可能是门架初始前后位置不合理或者门架前后移动过程中提前终止，也可能是门架前后移动精度不够,,1
340842,ERROR_CODE_FOKR_NOT_IN_TARGET_Y,叉臂左右位置未在理想值附近,可能是叉臂左右移动精度不够,,1
340843,ERROR_CODE_FOKR_NOT_IN_TARGET_HEIGHT_INTERVAL,叉臂没有到达理想的范围内,可能是叉臂初始高度不合理或者达目标高度的过程中提前终止升降,,1
340844,ERROR_CODE_FOKR_OR_DOOR_FRAME_OVERPOSITON,叉臂或者门架超限位,检查限位开关,,1
340845,ERROR_CODE_TIP_OR_ROOT_COLLISON,叉臂根部限位开关或叉尖碰撞开关触发,如果没有明显接触那就开关出现了问题,,1
340846,ERROR_CODE_TIP_LIGHT_TRIGGER,叉尖光电触发,检查叉尖光电触发的距离,,1
340847,ERROR_CODE_GOODS_OVER_HEIGHT,货物超高,检查货物超高传感器触发的原因,,1
340848,ERROR_CODE_GOODS_OVER_WIDTH,货物超宽,检查货物超宽传感器触发的原因,,1
340849,ERROR_CODE_GOODS_NOT_DETECT_IN_AGV,栈板距离叉臂根部太远或者没有检测的栈板,检查栈板位置是否在距离叉臂根部10cm左右,,1
340850,ERROR_CODE_PALLET_DISTANCE_NOT_IN_TARGET_INTERVAL,栈板距离没有在理想范围内,检查栈板位置是否合理,,1
340851,ERROR_CODE_PALLET_DISTANCE_NOT_OVER_FORK_LENGTH,栈板距离没有超过叉臂长度,空载情况下栈板测距的数值需要大于叉臂长度,,1
340852,ERROR_CODE_PALLET_EXIST_LIGHT_TRIGGER,栈板检测光电触发,此时栈板检测光电不应该触发,,1
340853,ERROR_CODE_PALLET_EXTRUSION_LIGHT_TRIGGER,货物挤压光电触发,货物挤压光电不应该触发,,1
340854,ERROR_CODE_PALLET_OVER_WIDTH_TRIGGER,栈板超宽光电触发,检查栈板是否插歪,,1
340855,ERROR_CODE_PALLET_NOT_STILL_IN_AGV,栈板与叉臂有相对移动,栈板应该与叉臂静止才对,,1
340856,ERROR_CODE_PALLET_NOT_STILL_IN_WORLD,栈板与地面相对移动,可能有其它物体挡中间测距光电,,1
340857,ERROR_CODE_ADJUST_LITTLE_YAW,载货移动时候栈板或货物的位置异常,检查栈板检测光电是否异常,,1
340858,ERROR_CODE_FRONT_BACK_MOVE_FORK_FAILED,前后移动叉臂到目标失败,移动精度不够或者移动超行程了,,1
340859,ERROR_CODE_LATER_MOVE_FORK_FAILED,横移货叉失败,可能超行程了,,1
340860,ERROR_CODE_LIFT_FORK_FAILED,升级货叉失败,可能超行程了或者传感器异常,,1
340861,ERROR_CODE_MOVE_TO_TARGET_POSE_FAILED,移动到目标位置失败,目标位置太远或者目满足移动条件，或者运动控制精度不够,,1
340862,ERROR_CODE_PALLET_DETECT_FAILED,栈板识别失败,检查相机视野或联系研发检查图片质量,,1
340863,ERROR_CODE_MUST_MOVE_BACK,只能后退不能前进,下发站点异常导致,,1
340864,ERROR_CODE_CURRENT_HEIGHT_ERROR_WHEN_UNLOAD,货叉高度异常无法执行当前任务,下发指令异常导致,,1
340865,ERROR_CODE_TASK_IS_CANCELED,动作任务已经被取消,当前状态不建议重复执行动作，请手动复位到动作初始状态或手动执行完此动作,,1
340866,ERROR_CODE_TARGET_HEIGHT_UNSECURITY,叉臂的目标高度不合适，升降的幅度过大,检查输入参数是否合适,,1
340867,ERROR_CODE_ACTION_STOP_WHEN_LOAD_FULL,载货状态无法执行当前任务,下发指令异常导致,,1
340868,ERROR_CODE_UPFORWARD_OBS_ERROR,检测到叉尖斜上方避障异常触发,请检查叉臂上方是否有障碍物并清除障碍后重试,,1
340869,ERROR_CODE_CHECK_PALLET_POSTION_FAILED,检测到物料放置超出范围,请检查物料是否按要求放置后重试,,1
340870,ERROR_CODE_ACTION_FORK_ARM_LARTERAL_MOVE_FAILED,叉臂横移失败,请检查叉臂横移功能是否正常,,1
340871,ERROR_CODE_CURRENT_FORK_HEIGHT_NOT_IN_MOVEMENT_HEIGHT,叉臂高度不在行车高度,请将叉臂移动到行车高度后重试,,1
340872,ERROR_CODE_ACTION_CURRENT_STATION_NOT_TARGET,当前要对接的站点不是动作的目标站点,请检查动作下发的站点id,,1
340901,,20s没有接受到对接台发送的0x02,检查接驳台是否开启并正常工作,,0
340902,,80s没有完成动作任务,检查是否有货物卡在滚筒上,,0
340903,,1#滚筒接到取料任务时，滚筒光电侦测到有料信号,检查是否动作任务下发错误，或将1#滚筒上的物料去除,,0
340904,,1#接到放料任务时，滚筒光电检测到无料信号,检查是否动作任务下发错误，或将物料手动放置到1#滚筒上,,0
340905,,2#滚筒接到取料任务时，滚筒光电侦测到有料信号,检查是否动作任务下发错误，或将2#滚筒上的物料去除,,0
340906,,2#接到放料任务时，滚筒光电检测到无料信号,检查是否动作任务下发错误，或将物料手动放置到2#滚筒上,,0
340907,,左侧光通信模块未接收到接驳台取料成功信号0x0f(30s),检查左侧光通信模块指示灯是否正常，或检查接驳台工作是否正常,,0
340908,,右侧光通信模块未接收到接驳台取料成功信号0x0f(30s),检查右侧光通信模块指示灯是否正常，或检查接驳台工作是否正常,,0
340909,,接驳台对接过程中出错,检查接驳台工作是否正常，联系厂家处理,,0
340930,,调试时，10s未检测到光电信号,调试指令，无需处理,,0
340999,,EU100 CAN网络断线,联系厂家处理,,0
407800,ERROR_CODE_ACTION_78_CHARGE_PARAM_INVALID,充电参数无效,请检测任务参数后,,1
407802,ERROR_CODE_ACTION_78_CHARGE_TO_PERCENT_FAILED_NO_CHARGE_DOCK,启动自动充电到指定百分比任务失败,请检测车辆是否和充电桩是否连接上了后，再试,,1
407803,ERROR_CODE_ACTION_78_CHARGE_TO_PERCENT_FAILED_DETACH_FROM_CHARGE_DOCK,充电过程中车辆和充电桩断开了,请检测车辆是否和充电桩是否连接上了后,,1
407805,ERROR_CODE_ACTION_78_CHARGE_FAILED_NO_CHARGE_DOCK,充电到某个值任务失败,请检测车辆是否和充电桩是否连接上了后,,1
407806,ERROR_CODE_ACTION_78_CHARGE_FAILED_CURRENT_MANUAL_CONTROL,启动充电失败,请关闭手动控制后,,1
407810,ERROR_CODE_ACTION_78_CHARGE_FAILED_MOVEMENT_RUNNING,启动自动充电失败,请等待任务结束后,,1
407820,ERROR_CODE_ACTION_78_STOP_CHARGE_FAILED,结束充电失败,请将手动充电器安全移除即可,,1
413501,ERROR_CODE_TARGET_DETECT_OVERTIME,目标检测超时,请排查失败原因,,1
413502,ERROR_CODE_DETECT_INVALID,输入值非法或不存在,请检查动作参数是否输入正常,,1
413503,ERROR_CODE_DETECT_NOT_FIND_GOAL,未识别到目标检测物体,请检查目标是否存在、目标是否符合检测要求、传感器状态是否为正常、传感器是否有脏污或被遮挡,,1
413504,ERROR_CODE_DETECT_PARAMETER_ERROR,检测功能参数解析错误,检查参数配置的格式和范围，确保它们符合预期的格式和限制,,1
413505,ERROR_CODE_DETECT_EXISTENCE_OBSTACLE,在预定的自定义区域内检测到了障碍物,自定义区域内检测到障碍物，请清除障碍物,MUSIC_GOODS_PLACEMENT_POINT_IS_OCCUPIED,1
413506,ERROR_CODE_DETECT_NOT_EXISTENCE_OBSTACLE,无障碍,请检查,,1
413507,ERROR_CODE_DETECT_TIMEOUT,执行检测任务时超过预设时间限制,请检查目标是否存在、目标是否符合检测要求、传感器状态是否为正常,,1
413508,ERROR_CODE_DETECT_FUNCTION_TURN_OFF,尝试使用某个检测功能时，该功能已被关闭或禁用,请检查该功能是否被启用,,1
413509,ERROR_CODE_DETECT_OUT_RANGE,检测到的坐标值不在预期的范围内,检查目标物体是否在工作距离内，如确定目标在规定范围内，请调整范围限制参数,,1
413510,ERROR_CODE_NO_SENSOR_DATA_RECEIVED,检测系统未能从传感器接接受到数据,请检查传感器硬件状态是否正常，电源是否接通，传感器是否安装、损坏，通信线路是否有问题，或尝试重新连接传感器,,1
413511,ERROR_CODE_SENSOR_DATA_TIME_STAMP,接收到的传感器数据中的时间戳与预期不符,检查传感器状态是否正常,,1
413512,ERROR_CODE_SENSOR_DATA_ABNORMAL,接收到的传感器数据内容不符合预期,请检查调试数据是否异常，请检查传感器状态是否正常,,1
413513,ERROR_CODE_SENSOR_FRAMERATE_UNSTABLE,传感器提供的数据帧率波动较大，不稳定,请检查传感器状态是否正常，检查传感器的性能和配置，确保帧率稳定,,1
550001,ERROR_CODE_MAP_SWITCHING_IN_START_LOCATION,切换地图时，当前正在定位,请稍后再试,,1
550002,ERROR_CODE_MAP_SWITCHING_IN_PROCESSING,切换地图时，当前正在切换地图，且两次切换的地图还不一致,请稍后再试,,1
550003,ERROR_CODE_MAP_SWITCHING_MOVEMENT_RUNNING,切换地图时，移动任务正在运行,请等移动任务结束后再试,,1
550005,ERROR_CODE_MAP_SWITCHING_MAP_LOAD_ERROR,切换地图时，当前地图不存在或者是当前地图数据被破坏,请确认当前地图名是否正确，再试,,1
550006,ERROR_CODE_MAP_SWITCHING_STATION_NOT_EXIST,切换地图时，通过站点定位，但是该站点不存在,确保车辆在站点上，才能通过站点切换地图定位,,1
660001,ERROR_CODE_MISSION_IN_EMERGENCY,启动任务时，车辆处于急停状态,解除急停后，再试,,1
660002,ERROR_CODE_MISSION_NO_LOCATION,启动任务时，车辆不处于定位状态,定位后，再试,,1
660005,ERROR_CODE_MISSION_ID_NOT_EXIST,启动任务时，任务Id不存在,请检测下发参数后，再试,,1
660006,ERROR_CODE_MISSION_ENQUEUE_TIMEOUT,启动任务时，加入队列超时,再试,,1
660007,ERROR_CODE_RACK_NO_NOT_MATCHED,任务下发的货架号与实际货架不匹配,请检查货架号是否正确,,1
660008,ERROR_CODE_START_LOCATION_SRC_ERROR,SRC初始化中，不能启动定位,等待SRC初始化完成再启动定位,,1
660009,ERROR_CODE_RACK_TYPE_NOT_MATCHED,任务下发的货架类型与实际货架不匹配,请检查货架类型是否正确,,1
660010,ERROR_CODE_RACK_MODEL_FROM_RIOT_NOT_ENABLED,是否使用调度下发的多货架信息的参数未启用，无法使用调度的多货架功能,请开启参数rack.enable_receive_riot_rack_model 后重试,,1
